bid,sid,life,gen,year,age,O,C,E,A,N,edu,health,job,inc,mstat,dist
268479,2,1,1,1,13,36.14,50.06,43.04,48.88,54.25,0,100,-2,0,0,12,
268479,2,1,1,2,14,36.14,50.06,43.04,48.88,54.05,0,100,-2,0,0,12,
268479,2,1,1,3,15,36.14,50.06,43.04,48.88,53.28,0,100,-2,0,0,12,
268479,2,1,1,4,16,36.97,51.02,44.19,48.88,52.97,0,99,-2,0,0,12,
268479,2,1,1,5,17,36.97,51.02,44.19,48.88,53.02,0,100,-2,0,0,12,
268479,2,1,1,6,18,36.97,51.02,44.19,48.88,53.26,0,100,-2,0,0,12,
268479,2,1,1,7,19,37.79,51.97,47.99,48.47,54.14,0,100,-2,0,0,12,
268479,2,1,1,8,20,38.82,51.97,44.65,48.82,54.12,0,100,-2,0,0,12,
268479,2,1,1,9,21,38.81,53.43,45.78,50.04,53.3,1,100,-2,0,1,12,
268479,2,1,1,10,22,38.8,53.49,45.69,50.07,53.18,1,100,-1,0,1,12,
268479,2,1,1,11,23,38.39,51.72,43.88,49.49,52.5,1,86,0,7112,1,8,
268479,2,1,1,12,24,35.98,49.72,40.44,48.23,51.74,1,100,0,7454,1,8,
268479,2,1,1,13,25,36.18,49.57,40.16,48.71,51.55,1,100,0,0,1,8,
268479,2,1,1,14,26,35.84,49.79,39.48,47.76,51.24,1,100,0,7741,1,8,
268479,2,1,1,15,27,35.27,49.42,38.48,47.28,51.23,1,100,0,7945,1,8,
268479,2,1,1,16,28,35.01,49.23,38.02,47.07,51.29,1,100,0,8163,1,8,
268479,2,1,1,17,29,34.77,48.81,37.66,47.08,51.2,1,100,0,8095,1,8,
268479,2,1,1,18,30,34.66,48.18,36.99,46.87,51.79,1,100,0,5474,1,8,
268479,2,1,1,19,31,34.43,48.09,36.5,46.79,51.51,1,100,0,6070,1,8,
268479,2,1,1,20,32,34.86,48,36.47,46.87,51.99,1,98,0,5670,1,8,
268479,2,1,1,21,33,34.45,48.13,35.71,46.71,51.03,1,100,0,0,1,8,
268479,2,1,1,22,34,34.43,49.73,37.12,47.05,49.83,1,100,0,9063,1,8,
268479,2,1,1,23,35,34.79,49.64,37.08,47.05,50.26,1,85,0,8768,1,8,
268479,2,1,1,24,36,34.22,48.46,36.19,46.98,50.2,1,100,0,4045,1,8,
268479,2,1,1,25,37,33.79,47.78,35.46,46.67,50.45,1,100,-1,2798,1,8,
268479,2,1,1,26,38,33.94,48.03,35.42,46.61,50.4,1,100,0,3361,1,8,
268479,2,1,1,27,39,34.08,48.08,35.38,46.7,50.44,1,87,0,3336,1,8,
268479,2,1,1,28,40,34.07,48.24,35.34,46.79,50.1,1,100,0,3282,1,8,
268479,2,1,1,29,41,34.06,48.63,35.62,46.77,50.11,1,100,0,4730,1,8,
268479,2,1,1,30,42,34.28,48.64,35.78,46.8,49.9,1,100,0,4578,1,8,
268479,2,1,1,31,43,34.09,48.64,35.41,46.75,49.73,1,100,0,5268,1,8,
268479,2,1,1,32,44,34.06,48.63,35.75,46.71,49.92,1,100,0,5253,1,7,
268479,2,1,1,33,45,34.05,48.63,35.52,46.74,49.8,1,100,0,5458,1,7,
268479,2,1,1,34,46,33.95,48.79,35.48,46.72,49.73,1,100,0,5529,1,7,
268479,2,1,1,35,47,33.61,48.58,35.49,47.06,49.91,1,87,0,5637,1,7,
268479,2,1,1,36,48,33.67,48.63,35.39,47.08,50.03,1,78,0,5692,1,7,
268479,2,1,1,37,49,33.56,48.59,35.11,47.02,49.94,1,100,0,5736,1,7,
268479,2,1,1,38,50,33.13,48.26,34.99,47.45,50.06,1,100,0,5801,1,7,
268479,2,1,1,39,51,32.88,48.1,35.31,47.91,50.06,1,100,0,5974,1,7,
268479,2,1,1,40,52,32.65,47.98,35.14,48.03,50.07,1,98,0,6091,1,7,
268479,2,1,1,41,53,32.31,47.77,34.97,48.27,50.16,1,100,0,6250,1,7,
268479,2,1,1,42,54,32.07,47.62,34.93,48.5,50.27,1,100,0,6288,1,7,
268479,2,1,1,43,55,31.89,47.17,34.82,48.45,50.68,1,99,0,6215,2,7,
268479,2,1,1,44,56,31.44,47.05,34.88,48.81,51.02,1,100,0,9271,2,7,
268479,2,1,1,45,57,31.14,46.85,34.46,48.89,50.88,1,100,-1,9522,2,7,
268479,2,1,1,46,58,31.13,47,34.47,48.87,50.82,1,100,0,9586,2,7,
268479,2,1,1,47,59,31.12,47.11,34.38,48.94,50.67,1,100,0,9667,2,7,
268479,2,1,1,48,60,30.76,46.75,33.9,48.96,50.87,1,100,0,4969,2,7,
268479,2,1,1,49,61,30.43,46.66,33.95,49,51.05,1,100,0,4990,2,7,
268479,2,1,1,50,62,30.3,46.61,33.93,49.08,51.1,1,99,0,5070,2,7,
268479,2,1,1,51,63,30.26,46.62,33.93,49.11,51.12,1,100,0,5046,2,7,
268479,2,1,1,52,64,30.23,46.62,33.91,49.15,51.11,1,100,0,5221,2,7,
268479,2,1,1,53,65,29.96,46.41,33.52,49.19,51.13,1,100,-3,5331,2,7,
268479,2,1,1,54,66,29.96,46.41,33.51,49.19,51.12,1,100,-3,3200,2,7,
268479,2,1,1,55,67,30.03,46.42,33.6,49.19,50.98,1,100,-3,3200,2,7,
268479,2,1,1,56,68,30.03,46.42,33.6,49.19,50.99,1,100,-3,3200,2,7,
268479,2,1,1,57,69,30.03,46.42,33.6,49.19,50.99,1,100,-3,3200,2,7,
268479,2,1,1,58,70,30.03,46.42,33.59,49.19,50.98,1,100,-3,3200,2,7,
268479,2,1,1,59,71,30.03,46.42,33.59,49.19,50.99,1,100,-3,3200,2,7,
268479,2,1,1,60,72,30.03,46.42,33.59,49.19,50.99,1,100,-3,3200,2,7,
268479,2,1,1,61,73,30.03,46.42,33.59,49.19,50.99,1,100,-3,3200,2,7,
268479,2,1,1,62,74,30.06,46.42,33.59,49.19,51.01,1,100,-3,3200,2,7,
268479,2,1,1,63,75,30.09,46.42,33.59,49.19,51.02,1,100,-3,3200,2,7,
268479,2,1,1,64,76,30.09,46.42,33.59,49.19,50.99,1,100,-3,3200,2,7,
268479,2,1,1,65,77,30.09,46.42,33.59,49.19,50.99,1,100,-3,3200,2,7,
268479,2,1,1,66,78,30.09,46.42,33.59,49.19,50.99,1,100,-3,3200,2,7,
268479,2,1,1,67,79,30.12,46.42,33.59,49.19,51.03,1,100,-3,3200,2,7,
268479,2,1,1,68,80,30.15,46.42,33.59,49.19,51.04,1,100,-3,3200,2,7,
268479,2,1,1,69,81,30.17,46.42,33.59,49.19,51.04,1,100,-3,3200,2,7,
268479,2,1,1,70,82,30.17,46.42,33.59,49.19,51,1,100,-3,3200,2,7,
268479,2,1,1,71,83,30.17,46.42,33.59,49.19,50.98,1,100,-3,3200,2,7,
268479,2,1,1,72,84,30.22,46.42,33.59,49.19,51.03,1,100,-3,3200,2,7,
268479,2,1,1,73,85,30.09,46.29,33.59,49.15,51.1,1,100,-3,3200,2,7,
268479,2,1,1,74,86,30.09,46.29,33.59,49.15,51.09,1,100,-3,3200,2,7,
268479,2,1,1,75,87,30.09,46.29,33.59,49.15,51.09,1,100,-3,3200,2,7,
268479,2,1,1,76,88,30.12,46.29,33.59,49.15,51.13,1,100,-3,3200,2,7,
268479,2,1,1,77,89,30.12,46.29,33.59,49.15,51.1,1,100,-3,3200,2,7,
268479,2,1,1,78,90,30.12,46.29,33.59,49.15,51.09,1,100,-3,3200,2,7,
268479,2,1,1,79,91,30.12,46.29,33.59,49.15,51.09,1,100,-3,3200,2,7,
153216,5,1,0,1,24,55.92,73.1,61.77,54.58,41.73,3,100,20,3126,1,9,
153216,5,1,0,2,25,54.49,74.65,63.33,54.11,41.92,4,100,2,5607,1,9,
153216,5,1,0,3,26,54.47,77.38,64.84,55.25,41.17,4,100,2,14419,1,9,
153216,5,1,0,4,27,54.46,79.1,66.42,55.75,41.04,4,99,2,19292,1,9,
153216,5,1,0,5,28,54.44,80.51,67.99,56.19,41.19,4,100,2,12907,1,9,
153216,5,1,0,6,29,53.27,80.6,67.19,56.07,40.77,4,100,2,5894,1,9,
153216,5,1,0,7,30,53.73,81.8,68.47,56.63,41.1,4,100,2,17307,1,9,
153216,5,1,0,8,31,53.72,82.04,68.77,56.99,40.7,4,100,10,6355,1,9,
153216,5,1,0,9,32,53.7,83.48,70.09,57.4,40.43,4,100,10,75955,1,9,
153216,5,1,0,10,33,53.69,83.68,70.1,57.33,40.48,4,93,10,78481,1,9,
153216,5,1,0,11,34,53.67,83.91,70.27,57.48,40.37,4,100,2,34296,1,9,
153216,5,1,0,12,35,53.37,84.42,70.41,57.66,40.13,4,100,2,40305,1,9,
153216,5,1,0,13,36,53.69,84.86,70.84,57.77,40.49,4,100,2,3154,1,9,
153216,5,1,0,14,37,53.41,85.44,71.12,57.97,40.09,4,100,2,53037,1,9,
153216,5,1,0,15,38,53.4,86.39,72.2,58.46,39.92,4,100,2,5201,1,9,
153216,5,1,0,16,39,52.91,86.8,72.02,58.27,39.74,4,100,2,25808,1,9,
153216,5,1,0,17,40,52.68,86.97,71.6,58.38,39.39,4,100,2,28178,1,9,
153216,5,1,0,18,41,52.8,87.31,71.76,58.54,39.24,4,100,2,42093,1,9,
153216,5,1,0,19,42,52.69,87.78,72.12,58.63,38.74,4,100,2,4224,1,9,
153216,5,1,0,20,43,52.57,88.03,72.2,58.72,38.65,4,100,2,11438,1,9,
153216,5,1,0,21,44,52.56,88.37,72.44,58.82,38.63,4,100,2,27186,1,9,
153216,5,1,0,22,45,52.55,88.66,72.63,58.93,38.62,4,100,0,42123,1,9,
153216,5,1,0,23,46,52.65,89.07,72.97,59.07,38.68,4,100,2,4958,1,9,
153216,5,1,0,24,47,52.54,89.37,73.05,59.13,38.55,4,100,2,3992,1,9,
153216,5,1,0,25,48,52.44,89.67,73.22,59.22,38.46,4,100,2,5174,1,9,
153216,5,1,0,26,49,52.43,89.97,73.38,59.35,38.42,4,100,2,9690,1,9,
153216,5,1,0,27,50,52.53,90.11,73.43,59.38,38.55,4,100,2,3969,1,9,
153216,5,1,0,28,51,52.52,90.35,73.97,59.78,38.37,4,100,2,4248,1,9,
153216,5,1,0,29,52,52.5,90.55,73.99,59.83,38.26,4,100,2,31063,1,9,
153216,5,1,0,30,53,52.4,90.7,74.01,59.88,38.18,4,100,2,382644,1,9,
153216,5,1,0,31,54,52.48,90.84,73.97,59.94,38.18,4,100,5,66135,1,9,
153216,5,1,0,32,55,52.08,90.68,74.06,59.83,38.31,4,100,2,20271,1,9,
153216,5,1,0,33,56,51.98,90.92,74.04,59.88,38.24,4,100,2,75034,1,9,
153216,5,1,0,34,57,51.81,91,73.95,59.86,38.13,4,100,2,4545,1,9,
153216,5,1,0,35,58,51.8,91.27,74.02,59.96,38.11,4,100,2,10694,1,9,
153216,5,1,0,36,59,51.79,91.41,73.95,60,38.16,4,100,2,9050,1,9,
153216,5,1,0,37,60,51.71,91.6,74.03,60.03,38,4,100,2,23711,1,9,
153216,5,1,0,38,61,51.7,91.72,73.98,60.08,37.96,4,100,2,5198,1,9,
153216,5,1,0,39,62,51.66,91.85,74.03,60,38.08,4,100,2,29766,1,9,
153216,5,1,0,40,63,51.69,91.89,74.06,60.02,38.12,4,95,1,16405,1,9,
153216,5,1,0,41,64,51.69,91.97,74.13,60.04,38.08,4,100,1,68977,1,9,
153216,5,1,0,42,65,51.65,91.85,73.72,59.94,38.42,4,100,-3,3200,3,9,
153216,5,1,0,43,66,51.46,91.74,73.37,59.94,38.42,4,98,-3,3200,3,9,
153216,5,1,0,44,67,51.5,91.75,73.37,59.94,38.45,4,100,-3,3200,3,9,
153216,5,1,0,45,68,51.53,91.76,73.37,59.94,38.45,4,100,-3,3200,3,9,
712017,9,1,0,1,57,39.92,46.22,47.06,56.44,58.1,0,100,1,6351,1,7,
712017,9,1,0,2,58,40.03,47.34,47.1,56.66,57.9,0,100,1,6343,1,7,
712017,9,1,0,3,59,39.63,47.72,46.58,56.76,57.54,0,100,1,6633,1,7,
712017,9,1,0,4,60,39.58,48.13,46.4,56.87,57.2,0,99,1,6555,1,7,
712017,9,1,0,5,61,39.44,48.39,46.06,56.81,56.91,0,100,1,6880,1,7,
712017,9,1,0,6,62,39.42,48.5,46.03,56.88,56.83,0,100,1,6977,1,7,
712017,9,1,0,7,63,39.37,48.21,45.83,56.88,56.97,0,100,0,5763,1,7,
712017,9,1,0,8,64,39.27,48.21,45.61,56.81,56.91,0,100,1,7239,1,7,
712017,9,1,0,9,65,39.04,47.89,45.37,56.79,56.98,0,100,-3,2690,1,7,
712017,9,1,0,10,66,38.85,47.85,45.1,56.77,56.99,0,100,-3,3200,1,7,
712017,9,1,0,11,67,38.85,47.88,45.11,56.77,57,0,100,-3,3200,1,7,
712017,9,1,0,12,68,38.85,47.88,45.16,56.77,57.03,0,100,-3,3200,1,7,
712017,9,1,0,13,69,38.85,47.88,45.11,56.77,57.04,0,100,-3,3200,1,7,
712017,9,1,0,14,70,38.85,47.88,45.1,56.77,57.04,0,100,-3,3200,1,7,
712017,9,1,0,15,71,38.85,47.88,45.1,56.77,57.04,0,100,-3,3200,1,7,
712017,9,1,0,16,72,38.91,47.88,45.1,56.77,57.12,0,100,-3,3200,1,7,
712017,9,1,0,17,73,38.91,47.88,45.1,56.77,57.05,0,100,-3,3200,1,7,
712017,9,1,0,18,74,38.97,47.88,45.1,56.77,57.06,0,96,-3,3200,1,7,
712017,9,1,0,19,75,39.02,47.88,45.11,56.77,57.05,0,100,-3,3200,1,7,
712017,9,1,0,20,76,39.06,47.88,45.1,56.77,57.06,0,100,-3,3200,1,7,
712017,9,1,0,21,77,39.06,47.88,45.11,56.77,57.01,0,100,-3,3200,1,7,
712017,9,1,0,22,78,39.06,47.88,45.1,56.77,56.99,0,100,-3,3200,1,7,
712017,9,1,0,23,79,39.11,47.88,45.1,56.77,57.04,0,100,-3,3200,1,7,
712017,9,1,0,24,80,39.15,47.88,45.1,56.77,57.04,0,96,-3,3200,1,7,
712017,9,1,0,25,81,39.22,47.88,45.1,56.77,57.09,0,93,-3,3200,1,7,
712017,9,1,0,26,82,39.22,47.88,45.1,56.77,57.03,0,100,-3,3200,1,7,
712017,9,1,0,27,83,39.25,47.88,45.11,56.77,57.03,0,100,-3,3200,1,7,
712017,9,1,0,28,84,39.25,47.88,45.11,56.77,57,0,100,-3,3200,1,7,
712017,9,1,0,29,85,39.25,47.88,45.1,56.77,57.02,0,100,-3,3200,1,7,
712017,9,1,0,30,86,39.25,47.88,45.11,56.77,57.02,0,100,-3,3200,1,7,
712017,9,1,0,31,87,39.28,47.88,45.1,56.77,57.04,0,100,-3,3200,1,7,
712017,9,1,0,32,88,39.28,47.88,45.12,56.77,57.02,0,100,-3,3200,1,7,
712017,9,1,0,33,89,39.28,47.88,45.1,56.77,57.01,0,100,-3,3200,1,7,
712017,9,1,0,34,90,39.28,47.88,45.11,56.77,57.02,0,100,-3,3200,1,7,
712017,9,1,0,35,91,39.28,47.88,45.1,56.77,57.03,0,100,-3,3200,1,7,
712017,9,1,0,36,92,39.31,47.88,45.1,56.77,57.07,0,100,-3,3200,1,7,
712017,9,1,0,37,93,39.31,47.88,45.1,56.77,57.03,0,100,-3,3200,1,7,
712017,9,1,0,38,94,39.37,47.88,45.1,56.77,57.08,0,100,-3,3200,1,7,
712017,9,1,0,39,95,39.37,47.88,45.1,56.77,57.02,0,100,-3,3200,1,7,
712017,9,1,0,40,96,39.37,47.88,45.1,56.77,56.99,0,94,-3,3200,1,7,
712017,9,1,0,41,97,39.56,47.88,44.92,56.77,57.13,0,100,-3,3200,3,7,
712017,9,1,0,42,98,39.56,47.88,44.92,56.77,57.15,0,100,-3,3200,3,7,
712017,9,1,0,43,99,39.58,47.88,44.92,56.77,57.17,0,96,-3,3200,3,7,
712017,9,1,0,44,100,39.58,47.88,44.92,56.77,57.16,0,100,-3,3200,3,7,
836109,10,1,1,1,35,45.31,75.75,63.41,40.35,44.73,0,100,-1,0,1,10,
836109,10,1,1,2,36,45.73,76.06,62.4,41.35,43.58,0,100,18,3295,1,10,
836109,10,1,1,3,37,44.2,75.02,59.79,39.9,43.64,0,100,10,8056,1,10,
836109,10,1,1,4,38,44.18,75.52,59.84,39.21,44.34,0,100,10,8162,1,10,
836109,10,1,1,5,39,44.16,75.76,59.7,39.26,44.21,0,100,10,8301,1,10,
836109,10,1,1,6,40,44.14,75.53,59.53,39.29,44.25,0,90,10,12216,1,10,
836109,10,1,1,7,41,43.96,75.62,59.25,39.16,44.34,0,100,-1,0,1,10,
836109,10,1,1,8,42,43.94,75.88,59.24,39.15,44.15,0,100,18,5352,1,10,
836109,10,1,1,9,43,43.28,74.93,58.47,38.52,45.64,0,100,-1,0,2,10,
836109,10,1,1,10,44,43.26,74.99,58.86,38.35,46.04,0,100,-1,0,2,10,
836109,10,1,1,11,45,43.42,75.06,58.32,38.57,45.78,0,95,-1,0,2,10,
836109,10,1,1,12,46,43.4,75.14,58.42,38.55,45.7,0,100,-1,0,2,10,
836109,10,1,1,13,47,43.39,75.76,58.74,38.91,45.21,0,100,10,19606,2,10,
836109,10,1,1,14,48,43.38,75.79,58.53,38.86,45.21,0,100,-1,20119,2,10,
836109,10,1,1,15,49,43.22,75.7,58.32,38.8,45.15,0,100,10,20458,2,10,
836109,10,1,1,16,50,42.94,75.25,58.01,38.71,45.29,0,100,10,14578,2,10,
836109,10,1,1,17,51,43.07,75.24,57.81,38.73,45.51,0,100,10,6094,2,10,
836109,10,1,1,18,52,42.92,75.35,57.76,38.66,45.28,0,100,10,15133,2,10,
836109,10,1,1,19,53,43.03,75.4,57.6,38.37,45.73,0,100,18,9084,2,10,
836109,10,1,1,20,54,42.89,75.42,57.39,38.36,45.49,0,100,10,15696,2,10,
836109,10,1,1,21,55,42.55,75.23,56.77,38.2,45.37,0,100,-1,0,2,10,
836109,10,1,1,22,56,42.34,75.22,56.36,38.1,45.18,0,100,10,16300,2,10,
836109,10,1,1,23,57,41.94,74.89,56.26,38,45.49,0,100,10,16350,2,10,
836109,10,1,1,24,58,41.93,74.98,56.92,38.28,45.55,0,100,10,16743,2,10,
836109,10,1,1,25,59,41.82,74.98,56.49,38.32,45.36,0,100,10,16938,2,10,
836109,10,1,1,26,60,41.72,74.94,56.26,38.31,45.38,0,100,10,0,2,10,
836109,10,1,1,27,61,41.48,74.85,55.95,38.21,45.52,0,88,10,16949,2,10,
836109,10,1,1,28,62,41.44,74.88,55.85,38.2,45.51,0,96,10,17785,2,10,
836109,10,1,1,29,63,41.4,74.87,55.77,38.18,45.49,0,100,10,17846,2,10,
836109,10,1,1,30,64,41.44,74.86,55.76,38.07,45.74,0,91,10,17445,2,10,
836109,10,1,1,31,65,41.32,74.63,55.56,38,45.75,0,99,-3,12902,2,10,
836109,10,1,1,32,66,41.18,74.53,55.22,38.01,45.74,0,100,-3,3200,2,10,
