sid,lives,各世性别,平均结局人格(O|C|E|A|N)
2,1,女,30.12|46.29|33.59|49.15|51.10
5,1,男,51.26|91.52|73.00|59.70|38.94
9,1,男,39.58|47.88|44.92|56.77|57.16
10,1,女,41.46|74.32|55.22|37.93|45.88
11,1,男,46.48|54.82|56.13|54.32|50.47
13,1,男,44.68|48.09|64.10|53.16|50.67
15,1,女,60.66|74.47|51.24|47.03|53.50
16,1,男,54.32|75.91|54.56|54.22|50.70
17,1,女,50.33|61.03|59.01|56.47|47.32
20,1,男,55.05|64.34|69.77|49.26|54.50
23,1,男,61.01|71.93|47.51|54.42|44.69
28,1,女,52.73|54.93|52.77|49.79|49.31
32,1,女,55.18|58.63|56.68|54.39|41.49
38,1,男,48.26|69.15|70.16|46.79|50.38
41,1,男,59.16|57.13|62.78|45.74|48.13
42,1,女,33.77|52.16|53.81|51.45|51.34
43,1,女,52.17|62.18|60.80|44.39|49.72
44,1,男,41.79|54.47|45.44|45.66|42.99
48,1,男,43.32|62.45|58.10|52.15|49.40
49,1,女,42.52|49.82|57.15|60.34|48.95
50,2,女/男,37.21|66.81|66.10|50.43|47.14
51,1,男,45.03|58.28|68.70|47.90|44.15
52,1,女,37.43|56.36|59.25|52.74|45.09
53,1,男,48.34|57.65|64.38|46.76|45.72
58,1,女,65.69|84.56|71.76|52.77|48.11
59,1,女,58.91|75.72|72.50|51.33|48.87
61,1,女,42.68|60.36|60.12|47.06|44.99
62,1,男,48.27|65.91|65.24|48.16|50.16
63,1,男,37.04|74.31|63.40|49.31|42.41
69,1,女,39.24|60.73|51.60|47.80|48.33
73,1,女,46.55|74.32|59.42|46.98|44.33
75,1,女,60.46|68.84|46.27|50.57|53.67
77,1,女,46.17|61.64|56.43|50.51|40.56
79,1,女,43.39|83.05|69.93|57.45|49.30
80,1,男,39.75|64.84|61.31|52.65|46.83
81,1,女,54.56|59.11|62.09|50.79|47.70
82,1,女,52.73|78.58|64.16|49.93|48.69
88,1,男,70.79|60.23|58.01|47.98|53.77
90,1,女,51.26|82.89|53.02|52.29|47.08
91,1,男,44.89|48.70|70.28|52.12|49.64
92,1,男,57.40|72.75|58.87|49.20|44.75
96,1,男,34.55|37.57|32.14|44.93|54.13
97,1,男,52.55|84.05|71.35|53.19|40.41
98,1,男,53.31|70.87|50.30|52.31|57.49
100,1,男,66.87|75.03|51.47|52.65|58.66
101,2,男/男,51.08|57.94|52.52|50.60|43.01
103,1,女,44.02|81.91|68.67|64.12|42.56
104,1,男,50.80|58.78|58.71|52.86|50.03
107,1,女,55.43|56.79|61.27|54.06|56.06
109,1,男,54.98|52.62|42.86|48.82|56.98
110,1,女,47.30|56.90|71.52|48.47|43.18
111,1,男,51.19|63.58|71.13|53.51|55.25
113,1,女,45.31|49.49|61.43|51.04|45.22
120,1,男,38.59|52.31|46.84|51.64|52.24
123,1,男,63.88|60.36|58.82|51.37|51.52
127,1,男,49.74|49.24|47.47|51.92|49.08
128,1,男,46.82|63.26|45.05|42.89|49.14
131,1,女,44.05|68.66|59.34|53.87|44.34
134,1,男,71.13|83.68|89.24|61.52|48.53
136,1,男,55.83|77.84|74.25|58.97|49.54
137,1,女,57.79|53.69|56.47|47.12|45.62
138,1,女,49.29|67.17|49.99|50.96|43.88
140,1,男,35.56|49.95|38.11|48.72|49.52
143,1,女,64.03|68.01|50.20|46.38|52.69
144,1,男,59.51|61.89|66.89|48.00|54.52
145,1,男,47.17|62.30|65.27|52.93|52.06
151,1,女,50.19|67.33|60.04|55.18|42.89
152,1,女,53.17|54.67|67.37|49.19|51.83
154,1,女,50.00|61.74|48.53|55.91|45.56
156,1,男,49.55|55.81|42.32|45.30|53.79
158,2,女/女,46.60|64.75|51.26|49.32|58.01
160,1,女,42.26|51.80|42.49|56.63|51.84
164,1,男,53.82|73.05|69.30|46.07|44.06
167,1,男,56.03|70.13|69.49|40.89|45.57
170,1,男,45.23|63.68|57.29|54.58|54.98
173,1,男,46.48|70.00|71.57|45.57|45.85
179,1,女,47.91|61.77|51.95|48.49|54.55
180,1,女,61.45|64.12|61.16|60.54|44.03
183,1,男,49.79|84.48|60.47|55.31|45.35
185,1,男,51.11|65.26|44.76|51.90|43.07
190,1,男,49.88|62.20|59.24|52.07|47.07
192,1,女,42.76|55.99|66.67|50.97|46.33
196,1,男,65.06|66.73|46.68|46.11|48.64
202,1,女,59.99|77.48|68.87|50.03|45.16
203,1,男,38.58|59.08|76.25|59.46|46.20
210,1,女,52.49|61.86|66.32|49.46|50.65
211,1,男,49.80|60.20|40.39|40.22|51.98
216,1,女,53.39|72.78|61.40|52.31|58.32
223,1,女,63.24|70.19|64.13|48.83|53.05
224,1,女,62.18|73.85|64.54|55.33|50.20
226,1,女,41.24|66.66|47.03|47.40|50.36
227,1,男,51.74|66.70|61.54|49.58|49.44
242,1,男,58.93|64.76|61.48|52.40|56.24
244,1,女,48.99|31.05|51.68|47.81|54.47
262,1,女,53.59|44.85|60.77|52.19|42.46
264,1,女,64.74|52.75|64.73|44.14|55.16
269,1,男,41.94|37.09|50.39|41.90|52.69
270,1,男,27.53|33.36|35.48|54.05|54.08
272,1,女,68.87|63.83|62.04|47.47|52.27
274,1,女,67.07|60.63|65.30|52.14|52.76
